chain_length;end_to_end_time;orchestrator_time;simulated_latency
1;4161875;1756125;0
1;3032834;1768417;0
1;2022875;866584;0
1;1252458;612375;0
1;1346166;618417;0
1;1166375;577167;0
1;1225292;596917;0
1;1174417;547875;0
1;1185958;585125;0
1;1085875;553500;0
1;969666;431375;0
1;992209;451291;0
1;971958;502834;0
1;842583;410334;0
1;956417;416625;0
1;838500;454584;0
1;1036375;540375;0
1;696083;367958;0
1;696917;296583;0
1;943416;475791;0
1;1011667;479125;0
1;976791;459167;0
1;943667;431875;0
1;880709;441916;0
1;936542;448250;0
1;917375;451750;0
1;871166;427709;0
1;884875;476375;0
1;851208;391500;0
1;957708;465792;0
1;966417;504083;0
1;1020291;431625;0
1;1098833;615709;0
1;1110666;587667;0
1;935166;446833;0
1;1143417;593459;0
1;934292;484875;0
1;823750;413500;0
1;840583;406875;0
1;1153958;631375;0
1;1039583;530042;0
1;1098959;568042;0
1;1138000;508625;0
1;961875;458625;0
1;913875;475084;0
1;941000;470542;0
1;996959;512042;0
1;3126917;2582833;0
1;2407458;1694250;0
1;1523333;984584;0
1;7645666;3751125;1
1;8248291;4117500;1
1;7999958;3793833;1
1;7906083;4008125;1
1;8053084;3848583;1
1;7928875;3826292;1
1;9111834;4861875;1
1;8944792;4789292;1
1;7971875;3980000;1
1;7905167;3959666;1
1;8018791;4175125;1
1;7811667;3854292;1
1;8267917;3903250;1
1;7858792;3883084;1
1;8076875;4165875;1
1;7842750;3952917;1
1;8074958;3636792;1
1;7926125;3824917;1
1;8047792;4068041;1
1;7921625;3824416;1
1;8026834;4038375;1
1;8159209;3672125;1
1;8777208;4610417;1
1;8015709;3759666;1
1;7990750;3799750;1
1;7997500;4087084;1
1;7995958;3876708;1
1;7991500;3951833;1
1;9322000;3936667;1
1;10738583;5718834;1
1;9960375;6032917;1
1;9347125;4026542;1
1;10692667;5781709;1
1;9838292;4811750;1
1;7929291;3978916;1
1;8174083;3465750;1
1;9840833;5006125;1
1;9008625;4801459;1
1;8010542;4004167;1
1;10796833;5952958;1
1;9244333;4815083;1
1;9138458;4779666;1
1;10764583;5449250;1
1;9013917;4717833;1
1;10206750;5527459;1
1;11921625;5486666;1
1;10674625;4927042;1
1;9059125;4792625;1
1;8973459;4399541;1
1;11065834;6237083;1
1;14650750;5824416;2
1;14631833;7819291;2
1;16078625;7786042;2
1;15019542;7084083;2
1;15945917;7919458;2
1;16019375;8184417;2
1;16235833;8079666;2
1;15706375;6869583;2
1;14919208;7638041;2
1;16051000;7658166;2
1;13960417;5907709;2
1;14399667;7010209;2
1;12668584;6156416;2
1;13916083;5841000;2
1;15869666;8490916;2
1;12963667;6061000;2
1;14357750;7371459;2
1;16069667;9136084;2
1;17188792;7834875;2
1;16688167;7986250;2
1;15994208;8792042;2
1;16732667;8746250;2
1;16179375;7431333;2
1;17607917;8885583;2
1;19206458;9345000;2
1;13392125;6517792;2
1;13509291;6645750;2
1;16239292;7884042;2
1;16002417;8006417;2
1;13828167;6808792;2
1;15695000;7855459;2
1;16010041;8040958;2
1;15935625;7641750;2
1;16280250;7978083;2
1;15624000;7936625;2
1;16272625;7688500;2
1;15934458;7794625;2
1;14250291;5774458;2
1;15030250;8069917;2
1;15905458;8242000;2
1;13708459;6581083;2
1;16220500;7917666;2
1;15645875;8219791;2
1;14230708;5621833;2
1;16019250;8183709;2
1;14888250;6456125;2
1;16264375;8700958;2
1;13866292;6974208;2
1;12098083;5813042;2
1;19923125;14136709;2
1;21398750;11622500;3
1;16235333;7535375;3
1;19865041;9865917;3
1;17357917;8123834;3
1;16735375;8991376;3
1;17269292;8247875;3
1;17440541;8026334;3
1;20229541;9519292;3
1;18797375;8804708;3
1;17893291;7839958;3
1;18466084;9081042;3
1;17049000;9325708;3
1;18536083;10542666;3
1;20594000;11255750;3
1;19921500;10006000;3
1;19551500;9623333;3
1;19351959;8373375;3
1;18961917;10258167;3
1;19031250;10077500;3
1;18844916;10063208;3
1;17935458;9476292;3
1;19300708;9704792;3
1;22026125;11605916;3
1;21332500;9605333;3
1;19618291;8995708;3
1;18351709;9859917;3
1;20875333;9943000;3
1;18245833;9727208;3
1;16581834;7454542;3
1;17997084;9978750;3
1;20112709;9987083;3
1;18872917;9050041;3
1;17974917;9812375;3
1;19940958;9244125;3
1;20432833;10992500;3
1;19727625;10638709;3
1;21299583;11186875;3
1;20801208;10008375;3
1;19745916;10373958;3
1;19241250;10047166;3
1;18216167;10184125;3
1;20077958;10154333;3
1;21576209;10343792;3
1;21124584;11414333;3
1;22552834;12131041;3
1;20016500;10285667;3
1;22283250;11664625;3
1;19991542;10030333;3
1;20859917;10391042;3
1;20161208;10978541;3
1;20543791;10458750;4
1;20445708;9591750;4
1;21637333;10659500;4
1;23096625;11937500;4
1;23785167;12080208;4
1;24218416;11120917;4
1;23713416;11214458;4
1;21351000;10150125;4
1;22873666;10826292;4
1;22250208;10475958;4
1;23472500;10206250;4
1;21679500;10480291;4
1;23527542;11899084;4
1;22163250;11058334;4
1;25713667;12371042;4
1;21750417;10816750;4
1;26030375;13083708;4
1;24777542;12821083;4
1;22848292;11595500;4
1;23030959;11889458;4
1;23114000;12634209;4
1;24099833;12609958;4
1;23955667;11927000;4
1;23256042;11892708;4
1;20793250;9231917;4
1;24127750;11961667;4
1;21902792;11900875;4
1;25075292;12699333;4
1;22711667;11406000;4
1;24017583;10715375;4
1;23958334;11478208;4
1;22354042;11485125;4
1;25241959;13697459;4
1;22689166;10352250;4
1;22294334;10764291;4
1;26765291;13622792;4
1;21556917;10305917;4
1;23210000;10707458;4
1;24745417;12689416;4
1;22115083;10397375;4
1;21448292;12318958;4
1;20112333;9825458;4
1;21495041;9850541;4
1;22651542;10949958;4
1;23428583;10663750;4
1;22896541;11528833;4
1;25142334;11626834;4
1;25783292;13240291;4
1;25936708;13082833;4
1;22996291;11813917;4
1;27050708;13957083;5
1;31993583;14074125;5
1;35419166;17447083;5
1;32119000;12889667;5
1;29245875;12680875;5
1;29895417;14084208;5
1;28547334;14736500;5
1;24692000;11983875;5
1;26775583;14014583;5
1;24103959;11665500;5
1;26319541;13988958;5
1;28481584;13720500;5
1;28063500;14076958;5
1;24226083;11279625;5
1;26997417;13113041;5
1;27670292;13827417;5
1;26073375;14303791;5
1;25925042;12837583;5
1;25214334;12501458;5
1;27938750;14033875;5
1;27899417;13923458;5
1;28111291;13725458;5
1;26572875;13490250;5
1;29747250;14521834;5
1;26685625;13215500;5
1;25646875;13001375;5
1;24852917;12839292;5
1;25968541;11888458;5
1;27330708;13904458;5
1;26776459;12436500;5
1;28065125;13852375;5
1;28187917;14102834;5
1;27645500;13888084;5
1;26166000;13015875;5
1;26746875;13683375;5
1;26140250;13129209;5
1;25843250;14610292;5
1;24243875;12216125;5
1;25866417;12839458;5
1;26057708;12643625;5
1;25855833;14523333;5
1;23425375;11655375;5
1;25686625;14054458;5
1;25919916;13012916;5
1;26659167;13415875;5
1;27316542;14460083;5
1;30951125;15579542;5
1;27268875;13944375;5
1;26660667;14331916;5
1;28166041;14468417;5
1;49783750;14986292;6
1;32405875;16555709;6
1;29836125;14836875;6
1;29599958;15085708;6
1;29318500;14762666;6
1;29736000;14793542;6
1;31368791;15327875;6
1;29887875;16277875;6
1;30949708;14653208;6
1;32130542;14563625;6
1;30688458;15964292;6
1;34511834;17813583;6
1;32227625;16380083;6
1;35404791;17788583;6
1;32177791;16746208;6
1;34209833;18843042;6
1;33885250;17270375;6
1;35943167;15705333;6
1;35082000;17657250;6
1;31890792;16026626;6
1;32057958;15571583;6
1;31682917;15991084;6
1;32146417;16154834;6
1;30377750;14817000;6
1;32611542;15262584;6
1;30756208;15652667;6
1;31484583;15712667;6
1;31514292;14921166;6
1;31119792;16059042;6
1;33594583;18028209;6
1;30146459;15801542;6
1;30881916;16077709;6
1;32162125;15866709;6
1;27811000;13625333;6
1;31343459;15388041;6
1;32445375;15662250;6
1;33821000;18118834;6
1;32647625;16332917;6
1;32262875;16401084;6
1;32553625;16484083;6
1;33026542;16937166;6
1;32934292;16176333;6
1;32724208;17573500;6
1;34338542;16590542;6
1;33664333;16327875;6
1;31105500;15088917;6
1;32899958;16351250;6
1;29095291;15079167;6
1;33813000;17344625;6
1;30432291;15252792;6
1;32830959;17008000;7
1;32858750;15410583;7
1;43905625;25647666;7
1;38234000;19252041;7
1;36776000;18656500;7
1;36228583;18020125;7
1;37945042;19894125;7
1;35348500;17346917;7
1;34816167;16490625;7
1;37737125;19473042;7
1;35857583;17632542;7
1;35585917;18071750;7
1;36195041;17186000;7
1;36898500;18124000;7
1;34207000;17515750;7
1;35115250;16522916;7
1;37869500;20312834;7
1;36122042;16623750;7
1;38032500;18972458;7
1;36770584;19276375;7
1;34971417;17018625;7
1;34233459;17407167;7
1;34961041;17943458;7
1;37283292;19061208;7
1;36545917;18324500;7
1;35648958;17627375;7
1;34694583;17153208;7
1;37147750;18007291;7
1;33811709;15759333;7
1;36726083;20112583;7
1;36475875;19440709;7
1;33444083;16665625;7
1;32681709;16692292;7
1;31861375;16574709;7
1;33232584;17777500;7
1;35287833;17726333;7
1;35264084;16919584;7
1;34361833;17159333;7
1;35936375;18934625;7
1;34931750;18054791;7
1;34440834;16876250;7
1;32566542;15993792;7
1;35474834;16608375;7
1;34592250;18229958;7
1;38933334;18676583;7
1;35108166;17753042;7
1;34815459;17428917;7
1;36185750;17801084;7
1;37127458;18187083;7
1;35411792;17456792;7
1;37608584;18565875;8
1;39536083;20116750;8
1;35851833;18063750;8
1;40341458;20691125;8
1;40096416;20827583;8
1;40376250;20164792;8
1;40288958;20919208;8
1;40508625;19946084;8
1;40666792;19144167;8
1;42850708;21335584;8
1;41050000;19942333;8
1;40821458;21405958;8
1;38892000;19697791;8
1;39330417;18373708;8
1;37865500;19277375;8
1;36609791;17713834;8
1;41987834;22019709;8
1;39091708;19800376;8
1;37237000;18557167;8
1;36846834;18418250;8
1;40503208;19459917;8
1;40210750;20124583;8
1;40007084;19991333;8
1;38425958;19513667;8
1;38476542;19108125;8
1;39084458;19824041;8
1;39315125;18923750;8
1;39917416;19649875;8
1;37964208;19634583;8
1;41258292;21494208;8
1;41172084;21198958;8
1;38684375;18860667;8
1;40720000;19493583;8
1;44456833;21557083;8
1;43367458;21459541;8
1;41623958;21379667;8
1;41275041;19897959;8
1;43634917;21168792;8
1;40523458;21024375;8
1;40827209;20790917;8
1;39086625;19366333;8
1;39901958;20763000;8
1;39930000;19894791;8
1;39196708;18016750;8
1;38652375;19959250;8
1;38479709;17635917;8
1;39947333;19519833;8
1;38746041;18971416;8
1;39685208;21110542;8
1;38959666;19031417;8
1;43607917;20599500;9
1;42799333;21044250;9
1;44809667;22252042;9
1;44333000;21231167;9
1;41602167;20881500;9
1;43210792;21733958;9
1;44061791;21201500;9
1;43266667;21593459;9
1;44579667;22817750;9
1;44362750;22682500;9
1;42689791;20633000;9
1;44933000;22160541;9
1;45087542;23772750;9
1;42888333;20575625;9
1;42831750;22392542;9
1;43429125;21871417;9
1;44819916;22309917;9
1;44134459;22756417;9
1;44825958;21694625;9
1;42849750;21645750;9
1;42940875;22354292;9
1;41108958;19982375;9
1;41981250;21626375;9
1;39226125;19220458;9
1;40738125;19977917;9
1;41932125;20847375;9
1;41830750;20182333;9
1;40780125;20142208;9
1;43686833;20875208;9
1;45343167;23073500;9
1;43677167;22296334;9
1;42989041;21123250;9
1;44986916;22017875;9
1;45708750;21924875;9
1;43014750;19921042;9
1;46204959;24001334;9
1;44976791;23311458;9
1;42784917;22159958;9
1;44422000;22874708;9
1;44702750;21555959;9
1;43833667;22988125;9
1;45753292;23568042;9
1;44010542;21665625;9
1;44082584;21511625;9
1;41499917;20979125;9
1;41231208;21820750;9
1;43244584;20160709;9
1;44153084;21527291;9
1;41089167;19868709;9
1;59071833;24001208;9
3;4575459;3168667;0
3;3403250;2363916;0
3;2931542;2160542;0
3;6515625;4958208;0
3;5066875;3936125;0
3;3761666;2984209;0
3;5623250;4805417;0
3;3243208;2213709;0
3;3628000;2725917;0
3;3449625;2590500;0
3;2369042;1660334;0
3;2220417;1460750;0
3;1671583;1162250;0
3;2169000;1555791;0
3;2264625;1591708;0
3;1970500;1521083;0
3;2188125;1675459;0
3;1817000;1272042;0
3;2523334;1871833;0
3;2762584;2103167;0
3;2756875;2047000;0
3;2383833;1691875;0
3;2572208;1992125;0
3;2105042;1411541;0
3;5509458;1658167;0
3;3457875;1727709;0
3;2444834;1699750;0
3;2968084;2117959;0
3;2109125;1583333;0
3;2277250;1599708;0
3;1833042;1307959;0
3;1821459;1365875;0
3;1849959;1405375;0
3;2100916;1545542;0
3;1939292;1423917;0
3;2148167;1499459;0
3;2557458;1940292;0
3;4265791;3387208;0
3;4009833;3066791;0
3;5997917;4325042;0
3;9888708;8344917;0
3;6822917;5088042;0
3;5166834;4018500;0
3;4904750;3169291;0
3;5392459;3270542;0
3;8349375;6946166;0
3;4413458;3618209;0
3;4751791;3363666;0
3;2909125;2269583;0
3;3739000;2768166;0
3;21236916;15705875;1
3;18436291;13524875;1
3;18070125;13865041;1
3;16958125;13171250;1
3;19511792;14944208;1
3;19416500;14919375;1
3;17296208;12658917;1
3;20298000;14496375;1
3;18441792;12013958;1
3;21912250;16764250;1
3;16451125;11981708;1
3;17651625;13700375;1
3;17137208;11728666;1
3;16762792;13027333;1
3;16294542;12088666;1
3;19243584;14545750;1
3;16746541;11892417;1
3;16210375;11602375;1
3;20549167;15618041;1
3;17063750;12782208;1
3;19799500;15701750;1
3;20332166;15320042;1
3;19031959;14466584;1
3;19874375;14232334;1
3;18947917;13955333;1
3;17990333;12394375;1
3;17051375;12730666;1
3;16974250;13002666;1
3;16946042;12933375;1
3;19034458;14303167;1
3;18226000;14013167;1
3;23106792;17047541;1
3;24167875;17964042;1
3;24013709;18339250;1
3;24228875;17552833;1
3;21881125;17416375;1
3;21231292;16142000;1
3;24075167;17614875;1
3;23181833;17012125;1
3;22736416;17184083;1
3;22945083;16925042;1
3;19520708;14304375;1
3;18441208;14162084;1
3;18133125;14206416;1
3;22508959;17443000;1
3;18849125;13540375;1
3;21601583;16722167;1
3;22018750;16144333;1
3;23775000;18339042;1
3;21698917;15451208;1
3;30850834;23814542;2
3;30268500;21817916;2
3;27231042;20101667;2
3;30299250;21879000;2
3;34960958;26989667;2
3;29064791;21592333;2
3;30719417;23298708;2
3;30635166;21806667;2
3;26302417;20193917;2
3;26069917;19656500;2
3;29903209;21710916;2
3;26820792;19961625;2
3;27211583;21001708;2
3;26096375;19553791;2
3;31436375;25178916;2
3;29530875;20849042;2
3;26455875;19852666;2
3;30469417;23390041;2
3;33289792;25811791;2
3;29786917;22037500;2
3;32712875;23049208;2
3;28502417;21949209;2
3;30451000;23843292;2
3;27341417;22021834;2
3;26519375;21318291;2
3;31598625;23955458;2
3;30973500;22853459;2
3;30401584;21968875;2
3;24139542;17774541;2
3;27363042;21969625;2
3;24533667;19426333;2
3;29164417;22000791;2
3;32239709;23925500;2
3;30745833;24070500;2
3;30350917;22133584;2
3;28040375;20730416;2
3;27881875;20618959;2
3;27540459;20538917;2
3;25839084;20135416;2
3;26671250;19636834;2
3;29154667;22203834;2
3;28718750;21294458;2
3;31057750;23175708;2
3;30294459;21858375;2
3;27213375;19964791;2
3;29025250;23261500;2
3;25281000;18581125;2
3;28977166;22794375;2
3;28155000;20394500;2
3;27471000;18823709;2
3;34180417;26318625;3
3;34870958;25018375;3
3;38147791;27957875;3
3;34878084;24986791;3
3;34422333;26323084;3
3;35337959;27731583;3
3;34271458;26453500;3
3;38850167;27969833;3
3;34509583;25045541;3
3;39076750;28352500;3
3;34675125;25879125;3
3;36025209;28047125;3
3;36853000;28071208;3
3;37349167;26823625;3
3;40011417;29361542;3
3;37055667;26944375;3
3;35425250;26612000;3
3;37025542;28844084;3
3;36282375;28232125;3
3;38804208;28245125;3
3;40881584;30233583;3
3;35654958;27446000;3
3;36912000;28197625;3
3;38366458;28948250;3
3;35890167;26038583;3
3;39424792;28729458;3
3;34933542;25283792;3
3;37426708;27893375;3
3;36403041;26054875;3
3;36175917;26026500;3
3;34094417;24829959;3
3;38821500;29389125;3
3;33633667;25802292;3
3;37431167;28333625;3
3;38110083;28344209;3
3;37605375;27921209;3
3;34043958;24820000;3
3;36713125;27020792;3
3;36261041;27996875;3
3;38807375;30824167;3
3;40134459;30162875;3
3;36783375;28076917;3
3;36148375;27141500;3
3;35832750;27123292;3
3;35341750;26625583;3
3;35608917;24444541;3
3;36416167;27537791;3
3;33715291;24928458;3
3;38992291;29421417;3
3;33326167;23870750;3
3;45741042;36070916;4
3;41946501;29395584;4
3;47794833;35742000;4
3;49969875;38901166;4
3;45440916;35010458;4
3;46063042;34416625;4
3;44331708;32805792;4
3;45831333;34804834;4
3;43464958;31853875;4
3;45656667;33129792;4
3;48521417;36377583;4
3;52630500;37366333;4
3;46782541;33493417;4
3;51604834;38568250;4
3;49075917;35073459;4
3;48158333;36928083;4
3;46743834;34547875;4
3;45933417;33608542;4
3;47473083;35172000;4
3;46774375;34471125;4
3;45988416;33694125;4
3;39753958;29910459;4
3;45333958;32511792;4
3;45095250;33017167;4
3;50319250;38931541;4
3;46079958;34211084;4
3;45744208;33848042;4
3;46273709;33729416;4
3;48665875;37768125;4
3;47192792;35915542;4
3;50115917;38999625;4
3;45708500;34455417;4
3;41558625;31625708;4
3;45759583;33610125;4
3;46550250;36246416;4
3;46043916;34881875;4
3;45579417;32206000;4
3;46483333;33318541;4
3;45527625;35349667;4
3;43126750;32719000;4
3;45340500;35098458;4
3;41470667;31137875;4
3;47645500;36868000;4
3;45903583;33986166;4
3;44985875;34877583;4
3;46447083;35815416;4
3;46456917;34025000;4
3;45777292;33529459;4
3;44042625;32712959;4
3;44119625;33213375;4
3;54032708;39378958;5
3;58122875;43346625;5
3;53603042;39467208;5
3;56547625;42535250;5
3;55049750;41045000;5
3;57129959;42988667;5
3;56850375;42702500;5
3;54304458;41530541;5
3;55568751;40458417;5
3;51151375;37763875;5
3;55845875;41841625;5
3;56336417;41238333;5
3;51471250;38111750;5
3;51683292;38801125;5
3;55186375;42480291;5
3;54740083;41603792;5
3;57967375;43884333;5
3;56313875;43799583;5
3;53690209;39682000;5
3;57661083;41551666;5
3;53787042;39907250;5
3;55562584;41477375;5
3;53384667;40301042;5
3;57907208;43327834;5
3;55664833;40998625;5
3;53361500;41867334;5
3;56802417;41034083;5
3;57164917;43031750;5
3;54264875;40857209;5
3;58863792;42723666;5
3;52807167;38376708;5
3;55976750;41265208;5
3;54186208;41338250;5
3;53372834;38992751;5
3;52984792;41464958;5
3;51364750;39989875;5
3;56292542;41782875;5
3;52769625;39018500;5
3;54716792;41892125;5
3;54498250;40432542;5
3;59355541;44190875;5
3;56811041;42386125;5
3;54740000;40203750;5
3;53839708;39853000;5
3;53688750;41124584;5
3;50374583;37486375;5
3;54133334;41891250;5
3;55807209;41867459;5
3;57903459;44589041;5
3;54201042;41885834;5
3;64395542;49257458;6
3;59174708;45385083;6
3;61155625;46310125;6
3;62728791;47250916;6
3;63095666;48015959;6
3;69827375;50330250;6
3;63342417;45704459;6
3;65938876;50283542;6
3;61691208;45520583;6
3;65259708;50253125;6
3;71163000;53122125;6
3;64922083;48091250;6
3;59801667;43769042;6
3;61869166;45862500;6
3;62865625;46624583;6
3;60301292;43746500;6
3;64069417;47775459;6
3;64853750;49879875;6
3;58955209;43061084;6
3;60476375;45224334;6
3;62678791;47511875;6
3;65944833;50778333;6
3;74541542;57192292;6
3;62435750;47436833;6
3;61759959;45821709;6
3;60018333;44347917;6
3;64129459;49708292;6
3;64091125;48874291;6
3;64839875;47329292;6
3;63769542;48338584;6
3;63297959;47280583;6
3;63550584;48064459;6
3;63662875;47212125;6
3;68492625;52442416;6
3;61102167;46290208;6
3;60136042;46224542;6
3;83185709;49332167;6
3;75094166;55088750;6
3;65849042;49250084;6
3;62276041;45629542;6
3;66865833;47808375;6
3;66424584;46503500;6
3;65240916;47301334;6
3;55400834;41517792;6
3;63439625;46644791;6
3;65241542;48397917;6
3;61636208;47312375;6
3;66976583;51061750;6
3;69272334;51231792;6
3;62468958;48584167;6
3;72369584;54817834;7
3;73633250;55197833;7
3;69976458;50175417;7
3;72987541;53728958;7
3;70041541;52606791;7
3;75169875;58154084;7
3;74181042;56334708;7
3;79588541;60717625;7
3;73327208;55007250;7
3;70943417;52486708;7
3;73732834;54811166;7
3;81521875;61974042;7
3;71786250;53889667;7
3;72847750;53677333;7
3;72626500;53701166;7
3;76415000;57456417;7
3;73631709;53337958;7
3;73266708;55612000;7
3;69529375;53581375;7
3;74227376;56010417;7
3;76457208;58918334;7
3;82481708;62163875;7
3;71413875;53564792;7
3;71397875;53248792;7
3;70405833;53053709;7
3;72056750;54395208;7
3;71719625;53423417;7
3;67645875;48527833;7
3;68172251;50936751;7
3;77075291;56890542;7
3;75304542;57684625;7
3;72995875;55042292;7
3;72528958;53822583;7
3;76366000;55833167;7
3;67006500;50909667;7
3;74083833;56949500;7
3;73886917;55868417;7
3;73441708;55552750;7
3;68606209;50728875;7
3;71684084;53592917;7
3;69919792;52581542;7
3;69832084;53450042;7
3;80119500;57700292;7
3;84415000;64843333;7
3;72763250;53856166;7
3;69667291;53570458;7
3;73288916;54756333;7
3;70396375;50725834;7
3;68544625;51739875;7
3;69480917;52891625;7
3;78309375;58142416;8
3;85930042;60843541;8
3;76072791;55668959;8
3;80320083;59174041;8
3;82014625;60919166;8
3;76763875;57041667;8
3;80304001;60002875;8
3;78073000;58765875;8
3;82540833;61354625;8
3;81578625;62353167;8
3;77893333;58833250;8
3;85743292;62238583;8
3;80735000;61759791;8
3;82070958;60486667;8
3;77060750;55865666;8
3;79308333;59311208;8
3;77635584;58238042;8
3;82253917;61943250;8
3;79251500;59360416;8
3;77525625;58735083;8
3;77533833;57352541;8
3;78595583;58775708;8
3;81989208;61419625;8
3;85098917;61686792;8
3;81778250;62752459;8
3;82442917;62351541;8
3;82114875;59197958;8
3;212333375;192745542;8
3;120381833;94440542;8
3;110365125;80859459;8
3;270402750;243746834;8
3;91356417;59848375;8
3;84269625;62153750;8
3;105171500;67032417;8
3;81981125;60895833;8
3;81343209;60278916;8
3;83062000;62699833;8
3;79235667;57842708;8
3;75010958;56256875;8
3;80945708;59560959;8
3;82896708;62134375;8
3;84906125;64681417;8
3;80398958;60981875;8
3;78415541;58504250;8
3;80165458;59583834;8
3;79945209;59734542;8
3;76032250;55458875;8
3;82020833;62181334;8
3;77412375;56670458;8
3;80618792;62018000;8
3;94358208;68473875;9
3;86940333;64924750;9
3;87159125;66082167;9
3;85968375;63799250;9
3;86940125;64767917;9
3;88306000;64967083;9
3;93511917;69637208;9
3;90539500;67589208;9
3;89104792;66940750;9
3;86956333;62914042;9
3;94819334;70648459;9
3;88440625;65521083;9
3;91168750;68462375;9
3;85848333;64065875;9
3;87372458;64877125;9
3;86715083;65144125;9
3;88210916;65552875;9
3;84853917;63038500;9
3;81996375;61014251;9
3;84098583;61556791;9
3;92044625;71052750;9
3;87369500;66672459;9
3;87202334;66601125;9
3;87146833;63877500;9
3;87264250;64591416;9
3;84723667;64379917;9
3;89122667;66014917;9
3;84939042;63822125;9
3;85795917;64386500;9
3;88281375;66268333;9
3;87752459;65704542;9
3;86245709;62499792;9
3;86091083;62947084;9
3;88756333;65529750;9
3;84933000;63467125;9
3;86093250;64673875;9
3;86801500;65516666;9
3;99311042;77758000;9
3;88728209;65920375;9
3;83253625;61899083;9
3;88782917;68034125;9
3;86740833;65377375;9
3;83597709;62084167;9
3;88777500;67541208;9
3;86671250;64977875;9
3;88312666;65666750;9
3;85650125;65663084;9
3;87050875;65928250;9
3;83878708;62465333;9
3;85048792;64774500;9
5;10940333;8349791;0
5;6833708;5667167;0
5;6996125;5697375;0
5;8716208;7059833;0
5;6712166;5452542;0
5;6843500;6076541;0
5;6602709;5535833;0
5;8972833;7792959;0
5;6755375;5412375;0
5;6128833;5080209;0
5;6473291;5567292;0
5;6052375;4599667;0
5;6667333;5453875;0
5;6699792;5430375;0
5;6714291;5430542;0
5;8022500;6446625;0
5;5454875;4399125;0
5;5495958;4445292;0
5;6054750;5101417;0
5;6361375;5163208;0
5;6166041;5290583;0
5;6701333;5789209;0
5;11508750;9230125;0
5;10986625;9505125;0
5;8753708;7464083;0
5;8612208;7248583;0
5;7034458;4731167;0
5;6274000;5261250;0
5;8736209;7343750;0
5;8483875;7163250;0
5;8515083;6761917;0
5;9436083;7979750;0
5;9346542;7908291;0
5;8975667;7083625;0
5;9114750;7082958;0
5;9081583;7394625;0
5;5093791;3992458;0
5;8179000;7326666;0
5;5776000;4584000;0
5;5088333;4211959;0
5;3775375;2949625;0
5;3847292;3062875;0
5;3878958;3202583;0
5;3800416;3021125;0
5;3629333;2982958;0
5;3282375;2623416;0
5;3564792;2882500;0
5;3858459;3229459;0
5;3095833;2529709;0
5;3558584;2719791;0
5;24985583;20872625;1
5;23954916;19853542;1
5;24045667;20025292;1
5;24992000;20778417;1
5;23993667;19928916;1
5;25032000;20936333;1
5;23984334;19983625;1
5;23853375;19637667;1
5;23971792;19800916;1
5;23854583;19800916;1
5;24185416;19871916;1
5;24945375;21359208;1
5;27275750;22386750;1
5;27805083;22343291;1
5;23947459;20001500;1
5;26918750;22617625;1
5;24976625;21047208;1
5;23766708;20083083;1
5;24165125;19996000;1
5;23975417;20113834;1
5;23980833;19816333;1
5;24161375;19757833;1
5;24821958;19762959;1
5;23955500;19746417;1
5;23993166;19923292;1
5;24004458;19737833;1
5;24103541;19844125;1
5;29893875;24752875;1
5;24218458;19837791;1
5;27787958;23743416;1
5;28139541;24191334;1
5;25704709;20276375;1
5;24858041;20277250;1
5;28547458;23173208;1
5;27646459;23870916;1
5;30359334;24964166;1
5;28722583;23551542;1
5;26980500;22893667;1
5;24683041;19723042;1
5;24229458;19942792;1
5;26161084;21231334;1
5;27822334;22594500;1
5;25984542;20960083;1
5;33187041;27980500;1
5;32813167;27719291;1
5;30965458;25722875;1
5;31987708;26002792;1
5;33000084;28994625;1
5;32967792;27052333;1
5;35004833;29482292;1
5;47058875;38890000;2
5;47922917;41045792;2
5;47109667;39069167;2
5;47952250;40133208;2
5;46903709;39015625;2
5;52489667;44290958;2
5;47636541;39009083;2
5;39157834;33298166;2
5;48635459;41391208;2
5;52173166;44947541;2
5;53216167;45635333;2
5;42687291;35453334;2
5;38909500;32067750;2
5;47151958;38740000;2
5;48001542;39402500;2
5;45076875;37189625;2
5;47850750;39166375;2
5;42638417;36021917;2
5;49017917;40702416;2
5;50356042;41781250;2
5;51632625;46285125;2
5;48233875;39699250;2
5;47754125;39822625;2
5;45903375;37670709;2
5;48052125;39859625;2
5;47859250;40154667;2
5;47024708;39183792;2
5;46053583;37838292;2
5;45098000;38326750;2
5;45881042;38897000;2
5;47147125;38883625;2
5;46120542;37936166;2
5;42777917;36761083;2
5;41897125;34375667;2
5;40246917;32681209;2
5;38935500;33236416;2
5;44905875;37273750;2
5;44123542;37073333;2
5;49067792;40080375;2
5;50721125;42175375;2
5;47251167;40723167;2
5;53880500;44377459;2
5;53469375;41654083;2
5;49272500;40256250;2
5;48859125;40427708;2
5;44855000;36729875;2
5;46932875;38862375;2
5;46099501;38009626;2
5;54509666;45178292;2
5;51780667;41739083;2
5;57343291;46517209;3
5;51001458;42567667;3
5;51151583;40862667;3
5;58967084;48688000;3
5;56104541;45751000;3
5;52663959;43841709;3
5;57121833;46879333;3
5;67348708;57982458;3
5;58512750;50950250;3
5;56026626;45522583;3
5;59265791;48748541;3
5;59959166;50721417;3
5;59665250;51417416;3
5;60109167;49627958;3
5;54727417;45031209;3
5;60024625;50990958;3
5;53997916;43867542;3
5;54094041;45018834;3
5;58883708;49232625;3
5;55918250;45923375;3
5;58985458;49915417;3
5;55486209;46638126;3
5;55074041;47210584;3
5;53019000;45052417;3
5;57576250;46677750;3
5;57928208;47716042;3
5;55351917;44844291;3
5;59372791;48299167;3
5;64140708;53344208;3
5;59126209;50422209;3
5;60250750;50142084;3
5;60643625;49885833;3
5;71133000;59989042;3
5;66415250;53838292;3
5;54089250;43603792;3
5;48304417;41062916;3
5;59729584;50050500;3
5;59763334;49908875;3
5;54438084;43984334;3
5;57706000;48295959;3
5;73887875;60571167;3
5;56347334;45468791;3
5;58460708;48643750;3
5;58138291;49437083;3
5;58190250;47894958;3
5;58137542;48623875;3
5;54530042;44371583;3
5;57388375;46821000;3
5;52525250;42257917;3
5;57224625;47550792;3
5;61708541;49942625;4
5;71069292;58880958;4
5;70139709;58169542;4
5;72021417;59941125;4
5;67832875;55800083;4
5;72055709;59753125;4
5;67759875;56638333;4
5;67041542;54916375;4
5;69156584;56788083;4
5;70829833;58764583;4
5;76287209;63743208;4
5;87054541;75770458;4
5;78615000;62523750;4
5;72970333;60992167;4
5;65730875;54153291;4
5;69117500;56491625;4
5;70155375;57896125;4
5;65754875;54306000;4
5;60829250;50890583;4
5;66443667;55614708;4
5;70626292;60401834;4
5;72123875;56311791;4
5;68037250;55672958;4
5;65416333;55046334;4
5;67219708;56147291;4
5;66212583;55120792;4
5;70891751;59637541;4
5;72338958;59611834;4
5;69891541;57624584;4
5;62736833;51850667;4
5;64562125;53420625;4
5;65856125;55213167;4
5;72844667;59159958;4
5;73073209;60799125;4
5;69902833;58570542;4
5;70935625;59239167;4
5;69370667;58323084;4
5;69509791;56531875;4
5;78066750;65535167;4
5;72781208;60824459;4
5;66423584;55906833;4
5;68476209;56840583;4
5;67257834;55362583;4
5;74742584;62115500;4
5;66413375;55474875;4
5;68644083;57526250;4
5;70114959;59131458;4
5;65385375;55533167;4
5;68564167;57010542;4
5;73005625;60589709;4
5;78102500;65087583;5
5;90062083;75759333;5
5;83131666;70076167;5
5;78900083;66426500;5
5;81047709;66270667;5
5;83725125;70041417;5
5;83111750;68403250;5
5;81872084;67642708;5
5;87526667;71857041;5
5;77376459;64029584;5
5;74557875;63313292;5
5;79941542;67118167;5
5;83314375;68470583;5
5;83712833;68092292;5
5;87605917;71941375;5
5;78901792;67047083;5
5;78525875;65508208;5
5;82090375;68242834;5
5;76136750;63670167;5
5;81327375;66228291;5
5;82667416;68929709;5
5;80710625;67470333;5
5;81305917;68196458;5
5;83077375;68379208;5
5;82690875;69444458;5
5;81080833;67953083;5
5;80580833;67627875;5
5;83700250;69558459;5
5;79499792;66727583;5
5;81988542;69768250;5
5;84319709;70671875;5
5;79473125;67806167;5
5;79564625;65920166;5
5;82319250;68068083;5
5;83573000;68430042;5
5;78994750;66946625;5
5;83961041;69685333;5
5;80454834;67260458;5
5;89624959;74507542;5
5;91119334;75269667;5
5;77577458;65932250;5
5;77978666;65824458;5
5;81540167;67107000;5
5;83537042;70748792;5
5;91404959;76717333;5
5;85468917;70420917;5
5;79953209;66732709;5
5;82384167;66709500;5
5;84916875;69534833;5
5;86115166;73386833;5
5;93916208;75957125;6
5;90586500;75597041;6
5;90996167;74891166;6
5;93827583;78698000;6
5;93200042;79518833;6
5;88781458;72859709;6
5;92251541;74839042;6
5;89882167;75085958;6
5;94184833;77459291;6
5;89760042;76091458;6
5;94773709;77641458;6
5;96298333;80761459;6
5;97841750;79931125;6
5;94512959;80038708;6
5;96305542;82089875;6
5;93182167;77739041;6
5;91053792;75039666;6
5;92504375;77966542;6
5;93726959;77301167;6
5;93709750;76874833;6
5;93072917;77786542;6
5;94618875;78431792;6
5;90921250;75205750;6
5;93103208;77957542;6
5;94995042;80226792;6
5;91666792;77680333;6
5;95268500;80034959;6
5;94212500;77895292;6
5;89646833;74572458;6
5;100913333;84650834;6
5;91838666;78238334;6
5;96489500;80114833;6
5;92056208;76786958;6
5;94974000;79148792;6
5;102712834;86345875;6
5;98671000;82940167;6
5;97380542;82392916;6
5;98671084;83204042;6
5;102391583;85542250;6
5;95652625;79269667;6
5;89319750;74538792;6
5;94718917;79856751;6
5;91879667;77749667;6
5;92305583;76153750;6
5;90931667;74058916;6
5;93152166;76168000;6
5;93285458;77529125;6
5;90119417;75530791;6
5;91453792;76166251;6
5;96036250;78738750;6
5;103415708;86153709;7
5;98414875;81994708;7
5;107032458;89990625;7
5;106557375;87344166;7
5;102786292;86467917;7
5;104053125;87004542;7
5;105380167;86770208;7
5;109657792;91455250;7
5;114338917;96826125;7
5;105788667;88088791;7
5;104702875;87428042;7
5;103434292;85228834;7
5;104969083;87991917;7
5;107737791;90609000;7
5;108950000;93204667;7
5;103957542;86933167;7
5;109739708;92667291;7
5;106791708;88584500;7
5;100016376;83093125;7
5;106820834;88616250;7
5;101228916;84030334;7
5;106874083;88668041;7
5;103440333;85411375;7
5;102866875;85522916;7
5;105004625;86997416;7
5;101583667;85826917;7
5;108187041;89552375;7
5;116860333;99022750;7
5;104327625;87727459;7
5;111680250;93670042;7
5;102160541;85058708;7
5;110028001;91651000;7
5;105153583;86580834;7
5;112386292;94421958;7
5;113972542;95126125;7
5;106353791;89396250;7
5;101094250;84194459;7
5;106916875;89884625;7
5;99138125;82555792;7
5;103480833;87002958;7
5;101837708;83554375;7
5;101095959;83996625;7
5;103049458;85503083;7
5;104390209;86532500;7
5;104753959;86711875;7
5;104190750;86421375;7
5;111204333;91806916;7
5;107833750;91104583;7
5;104229833;87124917;7
5;108588000;89664834;7
5;119944375;100188292;8
5;116650126;97422792;8
5;113936291;93380791;8
5;113645083;94542667;8
5;115568458;97731917;8
5;120449417;100326792;8
5;116444792;96077250;8
5;117972625;98383834;8
5;116882292;96482291;8
5;112273125;92678750;8
5;117913292;97461209;8
5;114981375;94964792;8
5;117041666;98066833;8
5;120387667;98433542;8
5;122870375;101871708;8
5;118631333;99172583;8
5;128884000;108876334;8
5;119706833;100430042;8
5;114118042;95820875;8
5;116845334;97772209;8
5;119907000;99753416;8
5;116075000;96066667;8
5;117968959;98477583;8
5;118404125;99622708;8
5;118664000;99393791;8
5;120499458;101841959;8
5;120929583;97977708;8
5;120559292;101578292;8
5;117657417;97935417;8
5;117987584;97846917;8
5;119757542;98471001;8
5;119977375;100655292;8
5;117609500;99453416;8
5;113855416;95608500;8
5;115063042;96651167;8
5;118682083;99394083;8
5;127138542;106970459;8
5;129933834;107591333;8
5;114743375;95985333;8
5;115303542;96440583;8
5;114866291;95822167;8
5;116056250;97429959;8
5;117878125;100043167;8
5;119333000;100212208;8
5;116807458;96003416;8
5;135304083;108421833;8
5;125845042;106127292;8
5;122411458;102951750;8
5;127123375;107038417;8
5;134128292;113746459;8
5;130310083;109033083;9
5;131081583;107357791;9
5;124159000;104383417;9
5;128009834;106808376;9
5;187455250;125006459;9
5;135279875;112219500;9
5;133131250;113015584;9
5;139765291;117604041;9
5;129019458;107171959;9
5;129743583;108977959;9
5;128067750;105057250;9
5;264158917;243539250;9
5;129753125;108837125;9
5;126701167;105411625;9
5;135358417;112019416;9
5;126934416;105635375;9
5;130721250;108762417;9
5;130337959;107563333;9
5;128633709;106583000;9
5;137494167;115889458;9
5;129057000;108605917;9
5;129920500;107826000;9
5;128674542;106896416;9
5;132355125;110030292;9
5;130439250;109860208;9
5;134271208;111375125;9
5;131021459;109597500;9
5;130574000;108710416;9
5;129432792;108276167;9
5;129836958;107900250;9
5;129788583;109783708;9
5;127953708;106376542;9
5;127291208;106661375;9
5;124751916;102228542;9
5;122998833;103060042;9
5;131368292;109415000;9
5;127583625;105979666;9
5;130130708;108072208;9
5;133779417;111699916;9
5;127488833;106038751;9
5;128383542;106607083;9
5;123208542;102079791;9
5;142672083;119838959;9
5;128498666;106758250;9
5;130687501;107357708;9
5;130580375;107529750;9
5;130241209;108971875;9
5;131005667;108744792;9
5;128950583;107410167;9
5;128019125;106751708;9